{"accuracy": 0.8738475722188076, "precision": 0.7955846279640229, "recall": 0.6301813471502591, "f1 Score": 0.7032887603903144, "roc_auc_score": 0.7899093681762577}