{"accuracy": 0.8461212378126325, "precision": 0.6382620410912765, "recall": 0.8336999560052794, "f1 Score": 0.7230064860740174, "roc_auc_score": 0.8418813894224358}